school_id,latitude,longitude
94,9.27163,-82.28772
95,9.28129,-82.26763
96,9.15,-82.18333
97,9.18339,-82.18807
98,9.19344,-82.22679
99,9.42334,-82.32114
100,9.23787,-82.28636
101,9.31606,-82.1565
102,9.12788,-82.39666
104,9.15515,-82.31791
105,9.16371,-82.34268
107,9.17396,-82.30815
108,9.16559,-82.2966
109,9.16667,-82.21667
115,9.423635,-82.472048
116,9.13737,-82.376
117,9.14395,-82.35776
126,9.23732,-82.26382
128,9.39488,-82.27139
130,9.20137,-82.27592
141,9.21743,-82.40834
142,9.24342,-82.46306
154,9.35,-82.2
155,9.3,-82.1
172,9.14124,-82.12696
173,9.33062,-82.2203
174,9.1913,-82.15061
175,9.15037,-82.05546
176,9.17471,-82.08041
177,9.1913,-82.15061
232,9.29953,-82.54478
233,8.927515,-82.122546
234,9.2897,-82.57493
235,9.475936,-82.509403
236,9.475936,-82.509403
238,9.21012,-82.36081
239,9.31295,-82.60246
241,9.09646,-82.52794
242,9.1187,-82.3003
243,9.43287,-82.68948
244,9.41745,-82.65419
245,9.36398,-82.47433
247,9.36667,-82.55
248,9.38488,-82.43975
249,9.42092,-82.57424
250,9.467843,-82.539615
251,9.33333,-82.53333
255,9.36359,-82.48371
257,9.37001,-82.53583
258,9.38661,-82.56507
259,9.35549,-82.59106
261,9.3,-82.53333
262,9.404936,-82.501341
264,9.475936,-82.509403
265,9.475936,-82.509403
266,9.47231,-82.48124
267,9.334241,-82.483883
268,9.60821,-82.83941
269,9.35166,-82.4378
273,9.36809,-82.51684
274,9.413514,-82.479881
275,9.475936,-82.509403
276,9.404936,-82.501341
277,9.42092,-82.57424
281,9.3,-82.4
283,9.2408,-82.40347
284,9.34172,-82.45076
285,9.0841,-82.48013
286,9.20488,-82.38476
287,8.91667,-82.18333
288,9.404936,-82.501341
289,9.24437,-82.37877
296,9.0977,-82.39211
297,9.24437,-82.37877
298,9.24381,-82.38944
299,9.25575,-82.41624
300,9.28078,-82.41133
301,9.24875,-82.40548
302,9.21012,-82.36081
303,9.21012,-82.36081
305,9.35166,-82.4378
307,9.404936,-82.501341
308,9.32168,-82.45459
309,9.2931,-82.45908
310,9.35166,-82.4378
312,9.5716,-82.88028
313,9.52757,-82.73344
314,9.51647,-82.59296
315,9.55152,-82.77092
316,9.54081,-82.58858
317,9.475936,-82.509403
320,9.49583,-82.70261
321,9.404936,-82.501341
322,9.52045,-82.70618
325,9.475936,-82.509403
326,9.51667,-82.7
328,9.28191,-82.50815
339,9.404936,-82.501341
342,9.56667,-82.75
343,9.525459,-82.714782
344,9.51737,-82.74546
345,9.51098,-82.80599
346,9.56667,-82.75
347,9.5716,-82.88028
349,9.43287,-82.68948
350,8.927515,-82.122546
352,9.43287,-82.68948
353,9.43561,-82.6559
354,9.46498,-82.54475
355,9.43287,-82.68948
362,9.21012,-82.36081
366,9.43333,-82.51667
367,9.22963,-82.50295
369,9.2316,-82.48704
374,9.52745,-82.71801
375,9.23787,-82.28636
384,9.01128,-82.2714
393,8.92046,-82.1806
395,8.93743,-82.13059
396,8.91667,-82.18333
403,8.945618,-82.115374
406,8.98677,-82.14181
407,8.97805,-82.21438
420,8.98677,-82.14181
449,9.14695,-82.39847
463,9.367547,-82.66515
464,9.15,-82.3
465,8.99482,-82.24147
467,9.38488,-82.43975
468,9.01793,-82.28231
471,9.38488,-82.43975
474,9.13818,-82.34239
476,9.03631,-82.24952
478,9.1187,-82.3003
479,9.04298,-82.28177
498,9.26365,-82.43354
523,9.12196,-82.29779
1888,9.26365,-82.43354
5318,8.98432,-82.48796
5319,8.93559,-82.38331
5320,9.404936,-82.501341
5323,9.404936,-82.501341
5324,9.404936,-82.501341
5326,8.927515,-82.122546
5561,9.28764,-82.43673
5563,9.16374,-82.31267
5564,9.475936,-82.509403
5776,9.467843,-82.539615
5778,9.340267,-82.242693
5780,9.339372,-82.242677
5783,9.439643,-82.520131
5784,9.293282,-82.394127
5849,9.27146,-82.50227
5850,8.39012,-81.69884
5860,9.19208,-82.18964
5864,9.11759,-82.35352
5868,9.23519,-82.41227
5869,9.31667,-82.55
5870,9.45364,-82.47252
5874,9.33799,-82.55075
5975,9.467843,-82.539615
6349,9.18056,-82.1534
6350,9.33534,-82.17501
6351,9.18476,-82.38437
6352,9.55026,-82.75033
6764,9.42246,-82.4749
6783,9.55359,-82.75463
6895,9.290029,-82.404404
6896,9.467843,-82.539615
558,8.247177,-80.53996
560,8.239158,-80.553799
561,8.16667,-80.61667
562,8.64349,-80.33898
563,8.27527,-80.70128
565,8.27088,-80.64176
566,8.72207,-80.22276
567,8.31044,-80.68461
568,8.38333,-80.16667
569,8.3,-80.61667
570,8.55902,-80.30448
576,8.372987,-80.262637
579,8.21054,-80.63837
582,8.63333,-80.4
583,8.170053,-80.635977
584,8.23884,-80.57925
585,8.504585,-80.353276
586,8.372987,-80.262637
594,8.37057,-80.25497
595,8.393565,-80.264853
607,8.695062,-80.222863
608,8.46329,-80.26028
609,8.6,-80.45
610,8.56827,-80.52567
611,8.33333,-80.55
612,8.54703,-80.16756
613,8.54703,-80.16756
614,8.55,-80.11667
615,8.16667,-80.61667
619,8.38671,-80.20231
620,8.61667,-80.46667
621,8.43333,-80.06667
622,8.48014,-80.15426
624,8.16667,-80.61667
625,8.593725,-80.175062
630,8.372987,-80.262637
632,8.63333,-80.4
634,8.46667,-80.28333
636,8.372987,-80.262637
637,8.6,-80.45
638,8.39898,-80.15731
645,8.38333,-80.11667
646,8.40302,-80.08262
647,8.76667,-80.45
648,8.62359,-80.57353
649,8.56667,-80.11667
650,8.42359,-80.06795
651,8.593725,-80.175062
652,8.6,-80.45
654,8.63333,-80.43333
661,8.39898,-80.15731
662,8.61667,-80.4
663,8.16667,-80.61667
664,8.54343,-80.19769
665,8.39898,-80.15731
670,8.49307,-80.18298
671,8.56667,-80.48333
672,8.5,-80.16667
673,8.40651,-80.43609
675,8.55083,-80.44082
684,8.258615,-80.549701
685,8.54332,-80.46633
686,8.6,-80.5
687,8.592131,-80.444773
688,8.56667,-80.41667
689,8.58333,-80.5
690,8.62359,-80.57353
691,8.5947,-80.66788
692,8.73333,-80.66667
693,8.87706,-80.17369
695,8.6,-80.45
696,8.59455,-80.55878
697,8.6,-80.45
698,8.55,-80.21667
699,8.58899,-80.63792
705,8.58333,-80.7
706,8.612951,-80.117843
707,8.46667,-80.28333
708,8.6,-80.61667
709,8.5828,-80.60796
710,8.510097,-80.359672
712,8.64363,-80.58914
713,8.54982,-80.50142
714,8.57644,-80.51397
715,8.56884,-80.31917
717,8.59292,-80.54304
719,8.61379,-80.65148
720,8.81667,-80.51667
721,8.43333,-80.08333
722,8.76242,-80.51034
723,8.71667,-80.18333
724,8.66085,-80.38998
725,8.16667,-80.61667
727,8.5,-80.2
728,8.6,-80.11667
729,8.66447,-80.46503
731,8.7,-80.3
732,8.63183,-80.41433
735,8.49307,-80.18298
736,8.43333,-80.06667
737,8.66667,-80.63333
738,8.83333,-80.48333
739,8.41516,-80.34118
740,8.85413,-80.49338
741,8.71927,-80.45713
742,8.510774,-80.355013
743,8.62093,-80.5193
744,8.48333,-80.51667
745,8.62182,-80.54819
746,8.40302,-80.08262
750,8.63333,-80.56667
751,8.58333,-80.53333
752,8.46667,-80.36667
753,8.64183,-80.49325
754,8.66667,-80.55
756,8.335261,-80.519514
760,8.48333,-80.53333
761,8.31978,-80.64854
767,8.76667,-80.45
769,8.29044,-80.59751
770,8.23333,-80.61667
773,8.41187,-80.53404
776,8.45,-80.58333
777,8.6,-80.13333
778,8.51969,-80.58405
779,8.58333,-80.61667
781,8.16667,-80.61667
782,8.16667,-80.61667
783,8.55,-80.58333
784,8.51667,-80.7
787,8.46702,-80.75089
788,8.46702,-80.75089
789,8.34542,-80.64012
790,8.372987,-80.262637
795,8.39898,-80.15731
799,8.39898,-80.15731
800,8.48333,-80.7
804,8.55,-80.7
805,8.56294,-80.69695
806,8.6,-80.73333
807,8.16667,-80.61667
808,8.55,-80.71667
809,8.6,-80.75
810,8.235113,-80.535377
811,8.57694,-80.673
812,8.49051,-80.72607
813,8.38937,-80.63546
814,8.44893,-80.62339
815,8.56294,-80.69695
820,8.6,-80.45
821,8.399718,-80.261383
842,8.57591,-80.272413
843,8.372987,-80.262637
847,8.519518,-80.361212
849,8.53333,-80.36667
853,8.54235,-80.4355
854,8.521857,-80.358887
855,8.49151,-80.44866
857,8.39898,-80.15731
859,8.6,-80.41667
860,8.16667,-80.61667
864,8.603829,-80.124641
865,8.3,-80.55
867,8.69497,-80.19547
868,8.69122,-80.11136
869,8.64215,-80.2109
870,8.64805,-80.16979
871,8.83333,-80.48333
874,8.56667,-80.16667
876,8.8551,-80.25975
883,8.69521,-80.22607
884,8.695062,-80.222863
885,8.63404,-80.20533
888,8.68998,-80.14723
889,8.40899,-80.33167
893,8.76667,-80.45
894,8.48333,-80.65
895,8.41516,-80.34118
897,8.56667,-80.43333
898,8.521762,-80.358605
899,8.521541,-80.359448
900,8.58333,-80.25
901,8.9525,-80.19139
902,8.66774,-80.24275
903,8.55902,-80.30448
904,8.46702,-80.75089
905,8.6,-80.26667
906,8.63333,-80.25
915,8.235811,-80.534201
916,8.55167,-80.32749
917,8.52966,-80.32101
918,8.55551,-80.25
919,8.59065,-80.31199
920,8.57234,-80.2985
921,8.372987,-80.262637
923,8.57268,-80.27771
928,8.45317,-80.45
929,8.58333,-80.65
930,8.39898,-80.15731
931,8.519478,-80.361673
932,8.39898,-80.15731
934,8.9,-80.16667
935,8.5828,-80.60796
936,8.48333,-80.51667
938,8.8,-80.18333
939,8.95194,-80.23139
943,8.6,-80.11667
944,8.38671,-80.20231
945,8.593725,-80.175062
946,8.61379,-80.65148
947,8.88333,-80.23333
950,8.593725,-80.175062
951,8.55551,-80.25
952,8.16667,-80.61667
953,8.48795,-80.09822
954,8.889726,-80.337028
955,8.88809,-80.21893
956,8.68333,-80.41667
957,8.6,-80.11667
958,8.692084,-80.14675
962,8.7344,-80.31248
963,8.593725,-80.175062
964,8.39898,-80.15731
965,8.5,-80.35
966,8.83957,-80.36022
967,8.53333,-80.43333
968,8.83437,-80.30226
969,8.593725,-80.175062
970,8.53333,-80.43333
971,8.78596,-80.36808
972,8.71667,-80.25
973,8.81984,-80.34803
974,8.401789,-80.266058
975,8.65724,-80.27324
977,8.58899,-80.63792
978,8.593725,-80.175062
979,8.76479,-80.26719
980,8.81927,-80.37449
981,8.81927,-80.37449
982,8.81927,-80.37449
983,8.83333,-80.48333
984,8.83905,-80.3446
985,8.73156,-80.27104
986,8.56667,-80.43333
987,8.235113,-80.535377
989,8.8551,-80.25975
990,8.68229,-80.28244
991,8.66233,-80.29373
992,8.69032,-80.34148
993,8.61032,-80.39235
994,8.53333,-80.43333
995,8.40651,-80.43609
996,8.58333,-80.36667
997,8.78593,-80.33906
998,8.61379,-80.65148
999,9.01667,-80.2
1000,8.43333,-80.16667
1001,8.65421,-80.38465
1004,8.38671,-80.20231
1006,8.71372,-80.25312
1008,8.593725,-80.175062
1011,8.7,-80.38333
1013,8.85465,-80.38853
1014,8.57065,-80.39383
1015,8.52966,-80.32101
1016,8.6,-80.45
4838,8.695062,-80.222863
4933,8.81927,-80.37449
5056,8.75852,-80.44812
5245,8.55,-80.21667
5428,8.54533,-80.35384
5569,8.55119,-80.22623
5768,8.695062,-80.222863
5789,8.260061,-80.538884
5790,8.41667,-80.35
5791,8.242121,-80.550312
5872,8.258615,-80.549701
5878,8.63864,-80.52199
5978,8.667027,-80.201039
6356,8.48333,-80.26667
6811,9.0,-80.18333
6845,8.5,-80.2
7133,8.260061,-80.538884
7135,8.242121,-80.550312
7136,8.244511,-80.529041
7141,8.242121,-80.550312
674,8.78397,-80.61979
682,9.56677,-79.63483
730,8.94061,-80.53264
1018,9.363551,-79.905833
1020,9.363551,-79.905833
1021,9.363551,-79.905833
1022,9.3641,-79.896419
1026,9.02579,-80.07702
1046,9.363551,-79.905833
1058,9.24994,-79.71462
1059,9.06667,-80.16667
1066,9.25315,-79.66888
1067,9.2831,-79.71352
1069,9.20956,-79.70766
1070,9.06667,-80.16667
1071,9.30089,-79.68271
1072,9.25,-79.7
1073,9.363551,-79.905833
1075,9.24917,-79.69278
1076,9.23077,-79.63123
1079,9.33671,-79.84065
1080,9.25,-79.63333
1083,9.34528,-79.79389
1085,8.9741,-79.9908
1086,9.16667,-80.1
1087,9.0,-80.05
1088,9.20389,-80.13361
1095,9.26899,-79.70169
1099,9.1,-80.25
1101,9.29167,-79.76889
1106,9.28473,-79.74568
1108,9.26333,-79.81556
1110,9.363551,-79.905833
1111,9.27482,-79.7232
1112,9.40417,-79.78528
1117,9.35,-79.73333
1119,9.38695,-79.78159
1123,9.33778,-79.78
1129,9.38695,-79.78159
1130,9.40472,-79.5575
1133,9.33611,-79.6025
1136,9.35921,-79.56862
1138,9.16357,-80.06682
1139,9.35921,-79.56862
1140,9.14444,-79.96028
1141,9.38556,-79.61139
1151,9.24472,-79.60861
1152,9.22333,-79.66194
1154,9.2,-79.7
1155,9.35,-79.73333
1156,9.18391,-79.66535
1157,9.139441,-80.117161
1158,9.01351,-80.07315
1159,8.650477,-80.712525
1160,9.36889,-79.79583
1161,9.01097,-80.15751
1162,9.2,-80.03333
1163,9.17739,-80.01751
1164,9.09079,-80.07317
1165,9.01097,-80.15751
1167,9.07842,-80.08316
1168,9.12526,-80.05009
1169,9.2,-79.7
1170,9.13333,-80.1
1171,9.03298,-80.1472
1172,9.01097,-80.15751
1173,9.01506,-80.11995
1175,9.24917,-79.69278
1176,9.01097,-80.15751
1177,8.97139,-80.12361
1178,9.1,-80.2
1179,9.45717,-79.7337
1180,9.29256,-79.80297
1181,8.98889,-80.12954
1182,9.2831,-79.71352
1183,9.3046,-79.63018
1184,9.47482,-79.72123
1191,9.18472,-80.0875
1192,9.310859,-79.994201
1193,9.23944,-79.65917
1194,9.19841,-80.13186
1195,9.28473,-79.74568
1197,9.24917,-79.69278
1198,9.20194,-80.12972
1199,9.348728,-79.809199
1201,9.29256,-79.80297
1202,9.24917,-79.69278
1203,9.35111,-79.83249
1204,9.28219,-79.73226
1205,9.37639,-79.79111
1206,9.10877,-80.32737
1207,9.47482,-79.72123
1211,9.25,-79.63333
1212,9.36889,-79.79583
1213,8.99306,-80.21528
1214,9.25,-79.81667
1215,9.08679,-80.3804
1217,8.88333,-80.86667
1219,9.37639,-79.79111
1221,9.3046,-79.63018
1222,9.37639,-79.79111
1225,9.35,-79.6
1227,9.34222,-79.80111
1229,9.0754,-80.57177
1231,8.91667,-80.31667
1233,9.24917,-79.69278
1234,9.27306,-79.775
1235,8.91667,-80.31667
1236,9.01097,-80.15751
1239,9.06667,-80.16667
1241,9.23944,-79.65917
1242,9.53922,-79.1957
1243,8.99582,-80.39505
1244,8.95,-80.38333
1245,9.01528,-80.30178
1246,8.96514,-80.27156
1247,9.29256,-79.80297
1248,9.3046,-79.63018
1249,9.12105,-80.23047
1251,9.17521,-80.12656
1253,9.06667,-80.16667
1254,9.08677,-80.19637
1255,9.32603,-79.89028
1256,9.15,-80.2
1259,9.05,-80.56667
1260,9.27306,-79.775
1261,9.24917,-79.69278
1265,8.811494,-80.549751
1267,9.1051,-80.46982
1268,9.27472,-79.69528
1273,9.08509,-80.04649
1274,9.37639,-79.79111
1275,9.37639,-79.79111
1276,9.56256,-79.56131
1277,9.6,-79.58333
1279,9.357501,-79.893467
1280,9.6,-79.63333
1281,9.59623,-79.55295
1283,9.44306,-79.75583
1285,9.20658,-79.68089
1287,9.57544,-79.33573
1292,9.5662,-79.29185
1297,9.350566,-79.798721
5432,9.08509,-80.04649
5433,9.05,-80.56667
5500,9.23333,-79.63333
5570,9.08509,-80.04649
5637,9.121292,-80.078579
5795,9.359875,-79.900361
5796,9.357708,-79.89998
5800,9.357708,-79.89998
5802,9.324559,-79.89116
5804,9.341242,-79.895063
5805,9.339448,-79.891702
5985,9.357708,-79.89998
6808,9.290919,-79.772601
6810,9.18563,-80.15131
6859,9.08509,-80.04649
6860,9.27482,-79.7232
7236,9.363551,-79.905833
7243,9.3641,-79.896419
7246,9.339448,-79.891702
15004,9.08509,-80.04649
15614,9.01097,-80.15751
1298,8.38753,-82.57273
1299,8.4,-82.55
1301,8.35858,-82.62874
1306,8.45,-82.38333
1307,8.5,-82.43333
1308,8.779615,-82.647378
1310,8.3499,-82.72013
1315,8.43011,-82.58997
1316,8.42577,-82.55212
1318,8.42973,-82.57294
1319,8.33277,-82.56935
1322,8.36099,-82.57367
1324,8.34654,-82.60589
1325,8.374767,-82.526676
1327,8.36119,-82.50791
1328,8.44379,-82.64554
1329,8.38959,-82.65058
1330,8.52271,-82.19997
1332,8.33419,-82.81003
1335,8.5503,-82.47555
1336,8.50071,-82.28467
1339,8.4133,-82.92689
1340,8.35,-82.85
1346,8.39424,-82.95117
1347,8.39312,-82.89108
1348,8.34918,-82.88451
1386,8.45,-82.38333
1387,8.69365,-82.86183
1390,8.37416,-82.82323
1391,8.34541,-82.8908
1392,8.29018,-82.9614
1395,8.4107,-82.87405
1397,8.3258,-82.77907
1398,8.26922,-82.89366
1399,8.42919,-82.88905
1400,8.42864,-82.87293
1401,8.3543,-82.80246
1402,8.29987,-82.87196
1403,8.36255,-82.93603
1404,8.38333,-82.86667
1407,8.58881,-82.62253
1409,8.65,-82.73333
1410,8.39848,-82.87119
1411,8.39848,-82.87119
1412,8.42891,-82.89726
1413,8.274585,-82.859263
1414,8.31417,-82.88106
1415,8.279745,-82.857529
1416,8.280419,-82.857715
1417,8.33333,-82.88333
1418,8.28333,-82.86667
1419,8.779615,-82.647378
1420,8.30098,-82.85344
1421,8.27417,-82.87252
1422,8.34956,-82.82151
1424,8.60059,-82.63539
1425,8.35005,-82.84892
1426,8.37645,-82.83356
1427,8.37273,-82.69357
1428,8.28836,-82.85647
1429,8.08333,-82.88333
1430,8.85,-82.56667
1431,8.6,-82.48333
1432,8.59712,-82.23172
1434,8.28333,-82.86667
1435,8.38333,-82.86667
1436,8.37387,-82.76071
1437,8.4,-82.8
1438,8.50829,-82.83323
1439,8.41011,-82.80933
1441,8.56516,-82.82214
1450,8.35629,-82.79468
1453,8.43453,-82.86435
1454,8.36725,-82.77959
1455,8.435959,-82.499904
1456,8.45,-82.83333
1458,8.56516,-82.82214
1459,8.46574,-82.84011
1460,8.51872,-82.53712
1461,8.38499,-82.81323
1463,8.42004,-82.82712
1465,8.32458,-82.8157
1466,8.39124,-82.9026
1476,8.5532,-82.59489
1480,8.55054,-82.57667
1481,8.48235,-82.5411
1482,8.51872,-82.53712
1483,8.54092,-82.54433
1485,8.54614,-82.6256
1486,8.70683,-82.60327
1487,8.60531,-82.53791
1489,8.62725,-82.54393
1490,8.36067,-82.1203
1491,8.57466,-82.5373
1492,8.58733,-82.58356
1493,8.56835,-82.57272
1494,8.31139,-81.5804
1497,8.65395,-82.56265
1498,8.66271,-82.59078
1499,8.50054,-82.58869
1500,8.46796,-82.59373
1504,8.39424,-82.95117
1505,8.46771,-82.58027
1506,8.46667,-82.55
1508,8.80507,-82.47431
1509,8.62002,-82.4238
1510,8.74951,-82.41815
1512,8.8,-82.41667
1513,8.79986,-82.42238
1516,8.445601,-82.43037
1525,8.75405,-82.40143
1527,8.76715,-82.44724
1528,8.30098,-82.85344
1529,8.56667,-82.41667
1531,8.51667,-82.66667
1534,8.75,-82.43333
1535,8.72422,-82.46583
1537,8.73401,-82.45887
1538,8.5,-82.71667
1539,8.57159,-82.61742
1540,8.59905,-82.60534
1541,8.521676,-82.618604
1545,8.407896,-82.408717
1547,8.54614,-82.6256
1548,8.58881,-82.62253
1549,8.52143,-82.63638
1557,8.56667,-82.61667
1558,8.779615,-82.647378
1559,8.51625,-82.61146
1560,8.59037,-82.63691
1561,8.22919,-81.83278
1562,8.63333,-82.6
1563,8.60059,-82.63539
1564,8.48361,-82.81641
1565,8.45877,-82.79663
1566,8.48333,-82.8
1567,8.50863,-82.81531
1568,8.52993,-82.74672
1569,8.60059,-82.63539
1578,8.48333,-82.78333
1579,8.53907,-82.73145
1580,8.56125,-82.78503
1581,8.30098,-82.85344
1582,8.45473,-82.48435
1583,8.299911,-82.531205
1584,8.51667,-82.61667
1585,8.618078,-82.668475
1592,8.15,-81.71667
1597,8.85027,-82.59242
1598,8.2,-81.56667
1599,8.54756,-82.72417
1600,8.67698,-82.42379
1603,8.56667,-82.73333
1604,8.26268,-81.57741
1605,8.5532,-82.59489
1606,8.5,-82.66667
1607,8.5,-82.41667
1612,8.51667,-82.66667
1613,8.5,-82.66667
1614,8.53333,-82.68333
1615,8.6,-82.73333
1619,8.4,-82.8
1620,8.63374,-82.72862
1621,8.66654,-82.70399
1622,8.51667,-82.7
1624,8.51667,-82.7
1625,8.63662,-82.67082
1628,8.52778,-82.42925
1629,8.56197,-82.67981
1631,8.76667,-82.63333
1632,8.5,-82.71667
1636,8.47303,-82.71238
1637,8.5,-82.71667
1638,8.45127,-82.75289
1639,8.61665,-82.6551
1641,8.56667,-82.65
1642,8.55,-82.65
1643,8.61667,-82.63333
1644,8.279745,-82.857529
1652,8.70538,-82.62438
1653,8.7062,-82.66904
1654,8.67277,-82.62483
1656,8.457149,-82.415233
1657,8.78012,-82.64939
1658,8.43333,-82.33333
1659,8.48235,-82.5411
1660,8.5,-82.75
1662,8.433286,-82.430767
1663,8.779615,-82.647378
1689,8.440634,-82.474403
1706,8.46099,-82.45553
1707,8.417031,-82.441249
1708,8.43333,-82.45
1709,8.23219,-81.91323
1710,8.435278,-82.429901
1711,8.47285,-82.41934
1712,8.424963,-82.421181
1717,8.779615,-82.647378
1720,8.28363,-82.85514
1721,8.779615,-82.647378
1722,8.44836,-82.84289
1723,8.428098,-82.441009
1724,8.779615,-82.647378
1725,8.413227,-82.437251
1726,8.41403,-82.74235
1727,8.779615,-82.647378
1728,8.57273,-82.35397
1732,8.55054,-82.57667
1735,8.53606,-82.37547
1736,8.426126,-82.431035
1737,8.31139,-81.5804
1738,8.5,-82.21667
1739,8.42909,-82.28715
1741,8.4,-82.31667
1742,8.43011,-82.58997
1743,8.36511,-82.27893
1744,8.53733,-82.49281
1745,8.65369,-82.53756
1746,8.53171,-82.46898
1747,8.5503,-82.47555
1748,8.68828,-82.54373
1749,8.5858,-82.51251
1751,8.779615,-82.647378
1755,8.779615,-82.647378
1760,8.34111,-82.05497
1762,8.46667,-82.4
1763,8.34111,-82.05497
1764,8.45,-82.4
1765,8.43333,-82.33333
1766,8.779615,-82.647378
1772,8.779615,-82.647378
1773,8.48445,-82.45058
1775,8.801474,-82.425202
1777,8.35,-82.6
1780,8.220813,-82.218127
1781,8.66667,-82.33333
1784,8.48746,-82.49124
1785,8.46402,-82.47935
1787,8.48011,-82.50472
1788,8.560935,-82.413569
1789,8.5,-82.43333
1790,8.5,-82.43333
1798,8.52778,-82.42925
1799,8.5,-82.43333
1800,8.56802,-82.43929
1801,8.56129,-82.44824
1802,8.438543,-82.435949
1804,8.23333,-81.87798
1807,8.55,-82.43333
1808,8.53333,-82.41667
1809,8.71963,-82.49495
1810,8.70165,-82.47136
1812,8.63527,-82.47805
1815,8.60059,-82.63539
1817,8.63822,-82.49965
1818,8.4,-82.05
1819,8.68937,-82.53883
1820,8.69186,-82.51293
1822,8.63333,-82.33333
1823,8.6,-82.75
1824,8.53234,-82.45207
1825,8.5,-82.43333
1826,8.38333,-82.7
1831,8.779615,-82.647378
1833,8.59712,-82.23172
1835,8.50071,-82.28467
1836,8.4,-82.8
1837,8.66427,-82.23196
1838,8.69365,-82.86183
1839,8.86638,-82.57997
1840,8.68134,-82.27509
1841,8.33333,-82.5
1842,8.71667,-82.26667
1843,8.737483,-82.282651
1845,8.5,-82.43333
1847,8.712037,-82.207228
1848,8.432489,-82.288301
1850,8.429243,-82.429218
1851,8.48333,-82.2
1852,8.46352,-82.23637
1854,8.228212,-81.831645
1859,8.30098,-82.85344
1868,8.435427,-82.420655
1880,8.279745,-82.857529
1881,8.49947,-82.78956
1885,8.78356,-82.7291
1886,8.84409,-82.82819
1887,8.30098,-82.85344
1889,8.71667,-82.45
1890,8.8811,-82.75391
1891,8.48235,-82.5411
1892,8.29779,-82.55405
1894,8.76257,-82.90001
1896,8.69365,-82.86183
1897,8.70883,-82.86875
1900,8.80202,-82.425267
1901,8.33339,-82.88927
1902,8.74309,-82.91275
1903,8.84499,-82.77178
1904,8.8178,-82.82489
1905,8.355917,-82.11664
1911,8.84499,-82.77178
1912,8.32157,-82.0851
1913,8.80202,-82.425267
1915,8.742537,-82.819929
1917,8.78356,-82.7291
1919,8.7132,-82.75715
1920,8.75325,-82.68336
1921,8.40927,-82.50153
1922,8.38333,-82.06667
1923,8.65311,-82.77976
1926,8.61903,-82.76392
1927,8.6452,-82.78636
1929,8.66252,-82.75112
1930,8.23219,-81.91323
1931,8.73897,-82.85828
1933,8.23219,-81.91323
1934,8.24184,-81.86931
1940,8.24981,-81.87779
1941,8.66271,-82.59078
1957,8.28415,-81.94633
1964,8.779615,-82.647378
1993,8.773696,-82.637563
1999,8.213359,-82.217559
2007,8.4,-82.21667
2010,8.53333,-82.56667
2011,8.39801,-82.09728
2032,8.27866,-82.01741
2033,8.21667,-81.86667
2035,8.3,-81.98333
2040,8.311067,-82.08426
2043,8.32117,-82.07389
2044,8.34111,-82.05497
2055,8.25431,-81.63488
2056,8.42909,-82.28715
2057,8.20474,-81.68259
2058,8.19291,-81.6072
2059,8.779615,-82.647378
2061,8.20617,-81.62123
2075,8.25349,-81.57658
2076,8.01667,-81.68333
2077,8.25,-81.98333
2078,8.25,-81.61667
2083,8.7884,-82.4045
2085,8.3,-81.61667
2092,8.85,-82.56667
2093,8.67698,-82.42379
2094,8.34751,-81.52912
2095,8.67698,-82.42379
2096,8.31758,-81.59506
2104,8.41403,-82.74235
2109,8.25431,-81.63488
2113,8.7,-82.28333
2115,8.27931,-81.60716
2116,8.85,-82.56667
2133,8.46352,-82.23637
2134,8.16721,-81.66375
2135,8.16667,-81.61667
2155,8.06667,-81.65
2158,8.1,-81.66667
2159,8.60059,-82.63539
2160,8.11037,-81.63968
4968,8.793306,-82.444144
4969,8.73554,-82.4351
4970,8.296512,-81.868905
5017,8.32157,-82.0851
5515,8.32157,-82.0851
5691,8.82803,-82.80537
5807,8.271495,-82.866201
5808,8.273988,-82.860869
5809,8.273988,-82.860869
5810,8.779615,-82.647378
5814,8.422185,-82.439665
5815,8.517026,-82.80071
5816,8.518515,-82.626549
5817,8.517026,-82.80071
5818,8.599475,-82.722629
5824,8.778476,-82.432267
5826,8.584576,-82.632436
5827,8.4,-82.8
5829,8.433254,-82.430217
5830,8.783114,-82.648431
6025,8.780869,-82.646223
6053,8.421932,-82.430926
6054,8.424543,-82.430829
6055,8.776062,-82.4333
6057,8.779615,-82.647378
6058,8.454608,-82.423267
6059,8.432123,-82.441477
6061,8.780869,-82.646223
6072,8.365182,-82.783338
6073,8.778177,-82.640726
6079,8.28333,-81.86667
6339,8.365336,-82.434561
6363,8.79657,-82.76837
6911,8.422246,-82.431068
7305,8.43333,-81.78333
7307,8.33628,-81.95896
2209,8.058097,-78.36538
2210,8.03003,-77.58978
2212,8.05294,-77.7539
2214,8.03003,-77.58978
2215,7.91667,-77.28333
2216,7.813364,-77.51549
2218,8.294106,-78.088889
2221,7.90071,-77.38965
2222,7.86756,-77.524622
2224,8.47755,-77.98641
2225,7.97876,-77.48758
2229,8.544414,-78.006817
2230,8.294106,-78.088889
2231,8.33434,-77.82463
2234,8.55434,-78.03211
2235,8.84246,-77.97539
2236,8.114441,-78.019327
2239,8.76904,-78.17503
2240,8.43552,-77.86707
2241,8.43552,-77.86707
2242,8.4494,-77.91395
2243,8.43552,-77.86707
2250,8.15768,-77.694094
2251,7.448629,-77.980397
2254,8.40112,-77.85556
2259,7.83333,-77.9
2261,8.294106,-78.088889
2269,8.05,-77.61667
2297,8.75005,-78.39324
2305,8.294106,-78.088889
2308,8.75005,-78.39324
2309,8.31635,-78.16374
2311,8.8346,-78.25009
2312,8.63528,-78.11292
2315,8.51667,-78.16667
2317,8.76904,-78.17503
2327,8.57838,-78.253448
2338,8.99691,-78.05541
2340,8.058097,-78.36538
2342,8.63528,-78.11292
2345,7.51507,-77.84122
2346,7.89188,-77.87417
2347,8.75005,-78.39324
2348,8.24844,-78.20749
2350,8.48555,-78.1638
2351,8.29525,-78.25409
2353,8.82618,-78.08424
2357,8.45722,-77.93286
2360,8.76904,-78.17503
2361,7.47528,-78.00861
2363,8.78696,-78.13715
2365,8.83528,-78.19631
2366,8.64944,-78.13003
2368,8.73763,-78.22196
2369,8.7646,-78.219
2370,8.294106,-78.088889
2374,8.76904,-78.17503
2375,8.60148,-78.07057
2376,8.03003,-77.58978
2377,8.083531,-78.21264
2378,8.294106,-78.088889
2379,8.13333,-77.88333
2380,8.005644,-77.902723
2381,8.28628,-78.05185
2387,8.38829,-78.23138
2389,8.140843,-77.987134
2392,7.51507,-77.84122
2393,8.065296,-78.36631
2396,8.02881,-78.32733
2397,7.988603,-78.300715
2399,7.52135,-78.10711
2400,8.77976,-78.25334
2402,7.516327,-78.159316
2405,7.31719,-77.98431
2406,8.778499,-78.262697
2407,7.49785,-78.07127
2409,7.513276,-78.08132
2410,8.63528,-78.11292
2411,7.888612,-77.863017
2413,7.8,-78.3
2414,8.80557,-78.37631
2416,8.820365,-78.381897
2417,8.40113,-78.37165
2418,7.895767,-77.872381
2419,8.572257,-78.418938
2420,7.656989,-77.443383
2424,8.38886,-78.14641
2426,8.51667,-78.16667
2427,8.14918,-77.69404
2428,8.58402,-78.38822
2429,8.43497,-78.03181
2430,8.83528,-78.19631
2432,8.57466,-78.03704
2433,8.83528,-78.19631
2434,8.39764,-78.00989
2435,8.54312,-78.07985
2436,8.41883,-78.01527
2442,8.0254,-78.20927
2447,8.28333,-78.06667
2448,8.54064,-78.09558
2449,8.150065,-78.225588
2450,8.153127,-78.244932
2453,7.58681,-77.81089
2454,7.69583,-77.82901
2455,7.95972,-77.932172
2456,7.871648,-77.85422
2458,8.14918,-77.69404
2459,7.89188,-77.87417
2460,7.98419,-77.9281
2461,8.63528,-78.11292
2462,8.14918,-77.69404
2464,8.63528,-78.11292
2465,8.51667,-78.16667
2466,8.75005,-78.39324
4879,8.114441,-78.019327
5555,8.14023,-78.034531
6373,7.9875,-78.2075
6765,8.503879,-77.970989
6777,8.51667,-78.16667
6778,8.40239,-78.14366
6792,8.76904,-78.17503
6793,8.76904,-78.17503
6798,8.05,-77.61667
15020,7.8,-78.3
15021,8.14918,-77.69404
15022,8.54518,-78.00797
15029,7.89188,-77.87417
2482,7.965784,-80.428734
2489,7.803051,-80.754511
2492,7.998245,-80.517857
2498,7.798884,-80.747315
2500,7.96667,-80.48333
2501,7.96667,-80.48333
2508,7.96667,-80.48333
2509,7.68333,-80.81667
2510,7.96667,-80.48333
2512,7.96667,-80.48333
2513,7.93223,-80.54601
2514,7.75,-80.8
2518,7.85,-80.71667
2520,7.93223,-80.54601
2524,7.738474,-80.897154
2526,7.96667,-80.48333
2531,7.77923,-80.81477
2533,7.79581,-80.7457
2534,7.96667,-80.48333
2536,7.73124,-80.71512
2541,7.93223,-80.54601
2542,7.696985,-80.734463
2543,7.74523,-80.72584
2549,7.60804,-80.67783
2550,7.82806,-80.67399
2554,7.93223,-80.54601
2555,7.80695,-80.6733
2558,7.79581,-80.7457
2559,7.72769,-80.65063
2562,7.96667,-80.48333
2564,8.13333,-80.73333
2567,7.96667,-80.48333
2570,7.58908,-80.72007
2571,7.64795,-80.70848
2572,7.66111,-80.69254
2573,7.63333,-80.68333
2574,7.96667,-80.48333
2575,7.7,-80.86667
2577,7.783,-80.64524
2581,7.71667,-80.7
2582,7.70239,-80.69477
2583,7.71015,-80.6785
2585,7.96667,-80.48333
2586,7.96667,-80.48333
2587,7.93223,-80.54601
2588,7.93223,-80.54601
2589,8.00824,-80.83352
2590,7.90949,-80.80706
2592,7.783,-80.64524
2597,7.945844,-80.777672
2598,7.91435,-80.8254
2602,7.86667,-80.83333
2604,7.93223,-80.54601
2605,7.81667,-80.73333
2606,7.81667,-80.88333
2607,7.96667,-80.48333
2608,7.93223,-80.54601
2611,7.93223,-80.54601
2612,7.93223,-80.54601
2623,7.96457,-80.85465
2624,7.8,-80.91667
2631,7.96667,-80.48333
2632,7.946147,-80.780983
2636,8.02453,-80.7738
2638,8.05842,-80.85055
2639,7.98459,-80.63799
2640,7.79581,-80.7457
2647,7.965784,-80.428734
2648,8.02978,-80.61809
2650,7.783,-80.64524
2652,7.95,-80.65
2655,8.01667,-80.58333
2656,7.96667,-80.48333
2657,7.96667,-80.48333
2660,7.907977,-80.612021
2663,7.96667,-80.48333
2664,7.85454,-80.59195
2665,7.99502,-80.62859
2666,7.803051,-80.754511
2668,7.94272,-80.59227
2669,7.93223,-80.54601
2671,7.93344,-80.51358
2676,7.93223,-80.54601
2677,7.96667,-80.48333
2678,7.92152,-80.63377
2681,7.96667,-80.48333
2682,7.88764,-80.67549
2683,7.85,-80.68
2685,7.93223,-80.54601
2687,7.803051,-80.754511
2688,7.86418,-80.69152
2689,7.84934,-80.66446
2691,7.82285,-80.65462
2693,7.76667,-80.9
2694,7.82251,-80.6362
2695,7.787297,-80.646842
2698,7.965784,-80.428734
5887,7.958144,-80.40547
6104,7.958871,-80.435395
2710,7.75344,-80.2892
2712,7.836336,-80.274076
2715,7.71667,-80.38333
2719,7.93333,-80.41667
2721,7.7045,-80.4212
2722,7.81667,-80.28333
2723,7.836336,-80.274076
2725,7.76314,-80.35893
2726,7.79757,-80.30342
2732,7.659164,-80.559322
2733,7.78598,-80.4106
2734,7.85,-80.36667
2735,7.91224,-80.41799
2736,7.836336,-80.274076
2739,7.836336,-80.274076
2746,7.836336,-80.274076
2748,7.62229,-80.25785
2749,7.60463,-80.26016
2751,7.58333,-80.43333
2752,7.61641,-80.40476
2757,7.75344,-80.2892
2758,7.532094,-80.029141
2760,7.58121,-80.20233
2764,7.73333,-80.26667
2766,7.69173,-80.32793
2769,7.56022,-80.32736
2775,7.75,-80.28333
2783,7.66347,-80.35728
2784,7.63333,-80.38333
2786,7.928186,-80.415307
2787,7.67395,-80.24438
2789,7.65,-80.26667
2793,7.6,-80.35
2794,7.58333,-80.33333
2795,7.73664,-80.29934
2796,7.532094,-80.029141
2800,7.92017,-80.448944
2812,7.931504,-80.411482
2813,7.85919,-80.52031
2814,7.8064,-80.52991
2816,7.50267,-80.54999
2822,7.76759,-80.27521
2823,7.75344,-80.2892
2824,7.81469,-80.50155
2826,7.81141,-80.47029
2827,7.66667,-80.13333
2828,7.75344,-80.2892
2829,7.88422,-80.35772
2831,7.836336,-80.274076
2834,7.90121,-80.4957
2835,7.89239,-80.50818
2841,7.76759,-80.27521
2842,7.836336,-80.274076
2844,7.58333,-80.33333
2845,7.45,-80.2
2847,7.836336,-80.274076
2849,7.737531,-80.548909
2853,7.93333,-80.41667
2856,7.93333,-80.41667
2857,7.93333,-80.41667
2859,7.70517,-80.45342
2862,7.73333,-80.26667
2865,7.56555,-80.66756
2867,7.58333,-80.58333
2870,7.473363,-80.584229
2871,7.78271,-80.57133
2874,7.73333,-80.26667
2875,7.68333,-80.45
2876,7.61667,-80.65
2877,7.473363,-80.584229
2880,7.71424,-80.51921
2882,7.48333,-80.23333
2883,7.67225,-80.49209
2887,7.63797,-80.5713
2890,7.836336,-80.274076
2893,7.73333,-80.26667
2896,7.473363,-80.584229
2900,7.532094,-80.029141
2903,7.93333,-80.41667
2904,7.787216,-80.272262
2908,7.58333,-80.33333
2911,7.58265,-80.0661
2913,7.5989,-80.08598
2919,7.62683,-80.12174
2921,7.58333,-80.23333
2922,7.63333,-80.53333
2929,7.75344,-80.2892
2931,7.56667,-80.2
2935,7.770088,-80.272411
2940,7.34335,-80.35248
2941,7.73333,-80.26667
2942,7.53002,-80.62109
2943,7.51093,-80.5617
2944,7.93333,-80.41667
2945,7.52339,-80.57903
2946,7.41214,-80.31578
2947,7.68333,-80.31667
2949,7.787216,-80.272262
2951,7.56667,-80.31667
2952,7.45,-80.51667
2954,7.4277,-80.41755
2957,7.54662,-80.6777
2958,7.42661,-80.63311
2959,7.46261,-80.6483
2960,7.75344,-80.2892
2963,7.53333,-80.38333
2968,7.3,-80.43333
2969,7.42408,-80.62712
2970,7.31667,-80.46667
2971,7.26534,-80.49105
2975,7.33808,-80.49846
2976,7.43609,-80.58698
2977,7.5,-80.55
2978,7.48333,-80.6
6923,7.792021,-80.272556
4086,8.043979,-80.923799
4087,8.4222,-81.29088
4091,8.01667,-81.23333
4092,8.00531,-80.89378
4093,8.14707,-81.18114
4094,8.05,-80.9
4095,8.0973,-81.47991
4096,8.23333,-81.31667
4097,7.96059,-80.94801
4098,7.99344,-80.95361
4100,7.98107,-80.94247
4101,7.76722,-81.02222
4102,8.312728,-81.215817
4104,8.43333,-81.4
4106,8.787133,-81.209696
4115,8.16667,-81.46667
4116,8.27179,-80.78699
4117,8.246323,-81.080971
4118,8.25,-80.93333
4119,8.28354,-80.77985
4120,8.51667,-80.9
4122,8.51667,-80.86667
4123,8.14707,-81.18114
4125,7.91233,-81.37944
4126,8.4222,-81.29088
4127,8.096268,-80.982395
4128,8.109793,-80.973766
4129,8.35608,-80.88877
4131,8.33333,-80.96667
4132,8.4222,-81.29088
4134,8.25,-81.13333
4135,8.14707,-81.18114
4136,7.93723,-81.10618
4137,8.24908,-80.78736
4138,8.2163,-80.82729
4139,8.4222,-81.29088
4140,8.08333,-80.85
4141,8.00868,-81.28067
4142,8.30311,-81.01575
4145,8.4222,-81.29088
4146,8.246323,-81.080971
4147,8.14707,-81.18114
4148,8.24223,-80.71918
4149,8.25,-80.75
4153,8.26813,-80.74377
4154,8.33333,-80.75
4156,8.68976,-81.18038
4157,8.38786,-80.86005
4158,8.36239,-81.05874
4159,8.4222,-81.29088
4160,8.41308,-81.30843
4161,8.35705,-81.20604
4162,8.33974,-81.18289
4163,8.14707,-81.18114
4164,7.96667,-81.31667
4165,8.30311,-81.01575
4166,8.26667,-81.25
4167,7.984306,-81.158603
4168,8.37803,-81.25621
4169,8.29842,-81.24863
4170,8.312728,-81.215817
4171,8.31418,-81.30672
4176,8.787133,-81.209696
4180,8.36667,-81.33333
4181,8.48688,-81.29237
4182,8.246323,-81.080971
4183,8.259065,-80.968756
4184,8.13564,-81.45674
4185,8.375,-81.28067
4186,8.416211,-81.283188
4187,8.40741,-81.3387
4188,8.35802,-81.27063
4189,8.09042,-81.05092
4192,8.49072,-81.34748
4196,8.25479,-81.20018
4200,8.44172,-81.3927
4204,8.18187,-81.13461
4206,8.10492,-80.976867
4208,8.21667,-80.98333
4213,7.91667,-81.38333
4214,8.28333,-81.26667
4216,8.30302,-81.41949
4217,8.3,-81.4
4218,8.35,-81.45
4220,8.312728,-81.215817
4221,7.91667,-81.5
4222,8.09042,-81.05092
4227,8.31667,-81.03333
4228,8.06667,-81.25
4230,7.77722,-81.36222
4231,8.21667,-81.46667
4232,8.28098,-81.19102
4233,8.31465,-81.15329
4234,8.341324,-81.134967
4235,8.13564,-81.45674
4237,8.37159,-81.13463
4238,8.27252,-81.15988
4239,8.29524,-81.17051
4240,8.25479,-81.20018
4241,8.09042,-81.05092
4242,8.787133,-81.209696
4243,7.89583,-81.27028
4244,8.28469,-81.13591
4245,8.4222,-81.29088
4246,8.26916,-81.10585
4247,7.76667,-81.36667
4248,8.36536,-81.16681
4249,8.11123,-81.18382
4250,8.08333,-81.18333
4252,7.6317,-81.25377
4254,8.13535,-81.14524
4255,7.7225,-81.12333
4257,8.16667,-81.11667
4258,8.36239,-81.05874
4259,7.38333,-80.81667
4260,8.09042,-81.05092
4261,8.232042,-81.224947
4263,8.353057,-81.201587
4265,8.06667,-81.25
4266,8.3,-81.26667
4269,8.15,-81.18333
4270,8.16933,-81.30071
4272,8.25,-81.13333
4273,8.07214,-81.17942
4274,8.11502,-81.17124
4275,7.38333,-80.83333
4276,8.25,-81.13333
4277,7.984306,-81.158603
4278,7.97882,-81.16162
4279,8.441353,-81.389672
4280,7.984306,-81.158603
4282,8.4222,-81.29088
4283,8.16897,-81.49574
4293,8.41063,-81.28045
4294,8.1,-81.4
4295,8.312728,-81.215817
4296,8.36239,-81.05874
4297,7.85472,-81.39389
4298,7.96667,-81.33333
4299,8.4222,-81.29088
4300,8.441353,-81.389672
4302,8.096212,-81.610635
4303,8.787133,-81.209696
4305,7.72768,-81.3703
4306,8.11667,-81.56667
4310,8.0,-81.43333
4312,8.2,-80.81667
4314,8.36239,-81.05874
4315,8.03333,-81.43333
4316,8.2,-81.46667
4325,8.4222,-81.29088
4337,8.33921,-81.49823
4343,8.4222,-81.29088
4346,8.312728,-81.215817
4347,8.28333,-81.46667
4349,8.353057,-81.201587
4350,8.25,-81.41667
4351,8.04982,-81.31117
4352,8.18422,-81.43333
4355,8.23333,-81.45
4356,8.16667,-81.38333
4357,8.08333,-81.55
4359,8.787133,-81.209696
4360,7.90573,-81.60768
4362,7.83111,-81.57611
4364,8.04285,-81.56534
4365,8.787133,-81.209696
4366,8.04834,-81.60499
4369,7.92917,-81.47861
4370,7.94639,-81.53667
4374,7.95,-81.56667
4375,7.91,-81.48889
4376,7.91667,-81.53333
4377,7.91667,-81.56667
4378,8.40741,-81.3387
4379,7.79444,-81.28194
4380,7.91861,-81.01861
4381,8.18971,-81.41844
4383,8.32516,-81.02818
4387,7.95413,-81.07637
4388,8.17114,-80.91135
4389,7.83583,-81.34556
4390,7.76722,-81.02222
4391,7.9117,-81.61707
4393,8.787133,-81.209696
4394,7.34138,-80.8713
4402,7.383,-80.8755
4405,7.57637,-81.10816
4407,8.4222,-81.29088
4408,7.559463,-81.185942
4410,7.53209,-81.16001
4411,8.52546,-80.93956
4412,7.93708,-81.01643
4413,7.27056,-81.8
4414,7.66667,-80.96667
4415,7.54085,-80.94922
4416,8.4222,-81.29088
4421,8.787133,-81.209696
4422,7.61667,-80.95
4423,7.9117,-81.61707
4424,7.6,-80.96667
4425,8.2,-81.46667
4426,7.57352,-80.96303
4429,7.984306,-81.158603
4430,7.45,-80.83333
4433,7.48255,-80.94095
4434,7.73333,-80.93333
4438,8.02967,-81.18571
4439,8.124616,-80.964549
4442,7.97554,-81.12883
4443,8.13564,-81.45674
4444,8.09042,-81.05092
4445,8.0022,-81.14213
4446,7.95342,-81.12154
4449,8.11667,-81.41667
4452,7.89583,-81.27028
4453,8.02326,-81.11941
4454,7.97208,-81.21777
4455,7.9117,-81.61707
4457,8.246323,-81.080971
4463,8.21667,-81.01667
4464,8.1914,-80.84396
4465,8.25,-80.91667
4466,8.35,-80.9762
4467,8.0467,-80.98297
4468,8.39268,-80.98662
4469,8.33333,-80.96667
4470,8.28333,-80.93333
4472,8.29854,-80.98022
4473,8.3903,-80.95899
4475,8.4013,-81.39165
4476,8.312728,-81.215817
4477,8.25,-81.03333
4478,8.13564,-81.45674
4479,8.14707,-81.18114
4480,8.09042,-81.05092
4481,8.30311,-81.01575
4483,8.340106,-81.082041
4484,8.32516,-81.02818
4487,8.36667,-81.08333
4488,8.13564,-81.45674
4490,7.93333,-81.05
4491,8.787133,-81.209696
4501,8.68976,-81.18038
4502,8.44541,-81.05696
4503,8.46667,-81.08333
4504,8.25,-81.41667
4505,8.16667,-81.46667
4506,8.787133,-81.209696
4507,8.13553,-80.99047
4508,8.66956,-81.18518
4509,8.787133,-81.209696
4510,8.246323,-81.080971
4512,8.15506,-80.89849
4519,8.246323,-81.080971
4520,8.787133,-81.209696
4522,7.97882,-81.16162
4524,7.984306,-81.158603
4525,8.10976,-81.17767
4527,8.512148,-81.03722
4529,7.91233,-81.37944
4530,8.10579,-80.98484
4532,8.49413,-81.01596
4534,8.463407,-81.116617
4535,8.3,-81.06667
4536,8.45,-81.11667
4537,8.09042,-81.05092
4538,8.4216,-81.06359
4539,8.53755,-81.06941
4541,8.50147,-80.97507
4542,8.787133,-81.209696
4545,7.72768,-81.3703
4546,8.35705,-81.20604
4548,8.787133,-81.209696
4549,8.11826,-81.14481
4552,8.10475,-80.99738
4553,8.101326,-80.970814
4555,8.14226,-80.9509
4556,8.11667,-80.89784
4557,7.93389,-81.28444
4558,8.05,-81.36667
4603,8.11132,-80.93166
4606,8.14707,-81.18114
4610,7.68992,-81.22121
4611,8.094339,-80.987256
4614,8.14707,-81.18114
4615,8.16447,-81.0674
4618,8.14579,-80.8978
4619,8.04012,-81.00311
4622,8.06722,-80.96557
4623,8.070563,-81.005458
4624,8.124616,-80.964549
4625,8.20037,-80.93443
4626,8.04268,-81.03773
4628,8.06667,-81.03333
4629,7.9117,-81.61707
4630,8.10641,-80.92454
4631,8.074198,-80.934561
4632,8.0587,-81.000256
4633,7.9117,-81.61707
4635,8.0729,-80.93187
4636,8.14671,-80.92307
4637,8.03994,-80.978479
4639,7.97284,-81.00851
4641,8.0467,-80.98297
4642,8.00586,-80.974
4645,7.21351,-80.83489
4646,8.14707,-81.18114
4649,8.4222,-81.29088
4650,7.74972,-81.0625
4657,8.09042,-81.05092
4658,8.0696,-81.07839
4659,8.1,-81.08205
4660,8.08477,-81.08585
4661,7.7325,-81.13694
4662,8.16817,-80.7412
4663,7.92436,-81.16443
4665,8.124616,-80.964549
4666,8.31667,-80.86667
4667,8.142415,-80.712628
4672,8.109253,-80.971396
4674,8.23333,-80.8
4675,7.7414,-80.98918
4676,8.05,-81.46667
4677,8.2,-80.81667
4678,8.098453,-80.979089
4680,7.85397,-80.98962
4681,8.13564,-81.45674
4686,8.14011,-81.08663
4688,8.31935,-81.23254
4693,8.16575,-80.9489
4697,8.10293,-81.04707
4727,7.9117,-81.61707
4728,8.36239,-81.05874
4729,7.9117,-81.61707
4730,7.96667,-81.33333
4732,7.78833,-81.37583
4733,7.65,-80.93333
4744,8.787133,-81.209696
4746,8.787133,-81.209696
4748,7.88333,-81.46667
4750,8.2,-81.46667
4752,8.03333,-81.35
4754,7.8675,-81.425
4756,7.72023,-81.42033
4757,7.960234,-81.384444
4758,7.81194,-81.40361
4759,8.11667,-80.96667
4761,7.86667,-81.36667
4763,8.4,-81.36667
4764,7.86448,-81.37787
4766,8.07473,-81.13626
4767,8.109673,-80.976943
4768,8.25,-80.81667
4769,8.787133,-81.209696
4770,7.97639,-81.24917
4772,8.14707,-81.18114
4773,7.80222,-81.31361
4774,8.4222,-81.29088
4775,8.076544,-80.937259
4780,7.77073,-81.32485
4782,7.43333,-80.91667
4787,7.84972,-81.31278
4788,8.09042,-81.05092
4789,8.06667,-81.03333
4790,8.11132,-80.93166
4791,8.105905,-80.972669
4792,8.4222,-81.29088
4794,8.095627,-80.974609
4796,8.787133,-81.209696
4797,7.74173,-81.31159
4799,7.70106,-81.25559
4800,7.6317,-81.25377
4801,7.71907,-81.33423
4802,8.03333,-81.35
4803,7.91233,-81.37944
4804,7.67944,-81.32639
4805,8.441353,-81.389672
4806,7.91233,-81.37944
4807,8.31667,-80.88333
4813,8.787133,-81.209696
4814,8.15165,-81.05
4815,8.05537,-81.28713
4816,8.11598,-81.27348
4818,8.1,-81.36667
4819,8.31667,-81.18333
4820,7.97639,-81.24917
4821,8.12472,-80.96374
4822,7.74972,-81.0625
4918,8.41063,-81.28045
4994,8.16667,-81.46667
5271,8.00532,-81.50653
5421,8.317968,-80.843543
5450,7.97882,-81.16162
5451,8.787133,-81.209696
5574,8.14707,-81.18114
5576,8.25,-81.13333
5577,7.7675,-81.34833
5845,8.4222,-81.29088
5846,8.13515,-81.47741
5871,8.13333,-81.23333
6250,7.500871,-80.972043
6255,8.095444,-80.978362
6258,8.109846,-80.971362
6362,7.72768,-81.3703
6780,8.1,-80.98333
6781,8.11667,-81.28333
6858,8.256867,-80.970941
15048,8.124616,-80.964549
25,9.12727,-77.93328
54,9.456799,-78.980508
59,9.40833,-78.4889
68,8.59424,-77.53677
81,8.66269,-77.45142
82,8.78072,-77.58401
83,9.15408,-77.9444
85,9.036851,-77.810047
86,9.023716,-77.801718
4856,8.66876,-77.36655
5089,8.66586,-77.41876
5333,9.3,-78.23333
2253,7.90309,-78.21031
2262,8.635704,-77.805471
2263,8.32425,-77.60412
2265,8.12099,-77.61598
2271,8.102365,-77.605178
2272,8.102365,-77.605178
2273,8.44534,-77.66793
2276,8.61486,-77.83146
2277,8.102365,-77.605178
2281,8.30023,-77.62247
2283,8.27166,-77.61686
2285,8.18047,-77.62323
2286,8.102365,-77.605178
2288,8.224937,-77.653827
2298,8.0811,-78.20913
2299,7.93628,-78.18335
2301,7.792865,-78.03844
2304,7.87962,-78.07689
6367,8.366281,-77.586721
6853,8.621516,-77.812226
106,8.56667,-82.0
114,8.91667,-81.75
136,9.13333,-81.91667
137,8.66366,-81.27252
140,8.72632,-82.04206
149,8.484501,-81.375056
151,9.07518,-81.86539
152,8.35,-81.75
153,8.91667,-82.06667
159,8.48729,-81.2279
162,8.31667,-81.66667
163,8.32229,-81.83329
165,8.77113,-81.60286
167,8.484501,-81.375056
169,8.37283,-81.5348
181,9.08252,-81.82999
183,8.77113,-81.60286
184,8.55162,-81.98714
185,9.12111,-81.82471
196,8.47819,-81.27451
197,8.35,-81.75
198,8.82219,-81.62829
199,8.80114,-81.54495
204,8.85205,-81.70348
205,8.77113,-81.60286
378,8.84537,-82.20669
379,8.55642,-82.00164
382,8.43933,-81.97079
383,8.88609,-82.22033
385,9.07451,-82.35644
386,8.54943,-81.77731
387,8.85876,-82.07349
391,8.34858,-81.82691
394,8.81937,-82.01214
397,8.484501,-81.375056
398,8.85758,-82.11749
405,9.00181,-82.34865
422,8.83985,-82.16907
423,8.88333,-81.95
424,8.75281,-81.99132
425,8.35,-81.75
426,8.43933,-81.97079
429,8.484501,-81.375056
430,9.11116,-81.9026
432,8.90334,-82.22424
435,8.909978,-81.880018
436,8.81912,-81.90659
437,8.40929,-81.76619
440,8.87064,-81.84103
441,8.85,-81.88333
443,8.71613,-81.79192
444,8.63055,-81.75029
445,8.37957,-81.85819
447,8.43333,-81.78333
451,8.857383,-82.223342
454,8.33767,-81.9897
455,9.08252,-81.82999
459,8.77113,-81.60286
460,8.5703,-81.74661
461,9.04127,-82.32669
466,9.10742,-82.35522
477,9.059071,-82.30329
480,8.44746,-81.86679
488,8.38324,-81.99345
494,8.35395,-81.95349
500,8.857383,-82.223342
502,8.48729,-81.2279
506,8.30031,-81.53112
507,8.87538,-82.02118
509,8.93333,-81.8
518,8.84381,-82.01343
519,8.88333,-81.85
520,9.012917,-82.333753
522,8.91667,-82.06667
525,8.30229,-81.5423
526,8.8999,-82.04835
529,8.28989,-81.67349
530,8.77113,-81.60286
534,8.48729,-81.2279
535,8.65,-81.43333
537,8.77113,-81.60286
539,8.77113,-81.60286
541,9.18333,-81.91667
1863,8.32229,-81.83329
1876,8.28964,-81.77692
1959,8.34982,-81.92422
1962,8.389932,-81.872757
1967,8.44281,-81.77196
1968,8.354,-81.95615
1969,8.28523,-81.79804
1971,8.30632,-81.66463
1972,8.45492,-81.64247
1974,8.35,-81.75
1975,8.15,-81.51667
1977,8.87598,-81.68328
1982,8.35395,-81.95349
1983,8.48333,-82.16667
1985,8.39117,-82.01496
1988,8.42277,-81.99361
1989,8.3934,-81.93514
1990,8.35,-81.75
1991,8.94221,-82.20783
2016,8.33767,-81.9897
2031,9.059071,-82.30329
2050,8.35395,-81.95349
2079,8.31667,-81.7
2080,8.32886,-81.68621
2081,8.44746,-81.86679
2089,8.41667,-81.83333
2114,8.8807,-82.22411
2127,8.35,-81.75
2136,8.38825,-81.72162
2143,8.35395,-81.95349
2165,8.44746,-81.86679
2168,8.37233,-81.58141
2170,8.44986,-81.50088
2171,8.8807,-82.22411
2179,8.35,-81.75
2180,8.43333,-81.85
2182,8.32229,-81.83329
2183,8.33333,-81.8
2184,8.35317,-81.75445
2186,8.43333,-81.78333
2188,8.394941,-81.862081
2191,8.35,-81.75
2195,8.35,-81.75
4178,8.45,-81.46667
4179,8.8807,-82.22411
4190,8.45,-81.41667
4191,8.484501,-81.375056
4195,8.52424,-81.4638
4197,8.4957,-81.86853
4199,8.55395,-81.92307
4201,8.4531,-81.41956
4202,8.5079,-81.44295
4209,8.73667,-81.41489
4224,8.4,-81.68333
4284,8.17164,-81.51848
4322,8.16247,-81.53917
4326,8.38333,-81.86667
4338,8.4741,-81.47554
4339,8.43333,-81.78333
4340,8.40642,-81.52089
4342,8.40443,-81.50474
4345,8.33333,-81.8
4348,8.44746,-81.86679
4699,8.50486,-81.46397
4700,8.50498,-81.50881
4703,8.54127,-81.49485
4711,8.48333,-81.95
4721,8.17164,-81.51848
4921,8.64121,-81.67169
4923,8.61034,-82.01334
4924,8.66285,-81.8096
4925,8.34858,-81.82691
4926,8.44746,-81.86679
4928,8.37796,-81.79228
4931,8.44746,-81.86679
4932,8.857383,-82.223342
4937,8.56667,-82.0
4939,8.91667,-82.06667
4940,8.35,-82.0
4941,8.484501,-81.375056
4943,8.37283,-81.5348
4944,8.41996,-81.61865
4945,8.45492,-81.64247
4947,8.46171,-81.6788
4950,8.17164,-81.51848
4951,8.48973,-82.07136
4953,8.5846,-81.9554
4954,8.49216,-81.99469
4955,8.33767,-81.9897
4957,8.47996,-81.90575
4960,8.43933,-81.97079
4961,8.52995,-82.03132
4964,8.5268,-81.87403
4965,8.34981,-81.84503
4966,8.349297,-81.939558
5031,8.38324,-81.99345
5032,8.35317,-81.75445
5033,8.35,-81.75
5034,8.42487,-81.66302
5035,8.33658,-81.64933
5036,8.51672,-81.59735
5038,8.45492,-81.64247
5040,8.2906,-81.77047
5041,8.43333,-81.78333
5043,8.5,-81.65
5054,8.43933,-81.97079
5061,8.35885,-81.66582
5063,8.55523,-81.78823
5064,8.35,-82.0
5065,8.37796,-81.79228
5066,8.49607,-81.89791
5067,8.30229,-81.5423
5068,8.35317,-81.75445
5069,8.44746,-81.86679
5073,8.17164,-81.51848
5074,8.34774,-81.70821
5075,8.43333,-81.63333
5076,8.37056,-81.71709
5077,8.42126,-81.71112
5079,8.42289,-81.7437
5082,8.38333,-81.65
5084,8.39198,-81.8862
5085,8.857383,-82.223342
5086,8.45,-81.61667
5106,8.35317,-81.75445
5107,8.40694,-81.96428
5108,8.47919,-82.12566
5113,8.38935,-81.79682
5118,8.34298,-81.76618
5122,8.44746,-81.86679
5123,8.48351,-81.79399
5130,8.44986,-81.50088
5134,8.35329,-81.82273
5136,8.33333,-81.73333
5137,8.47457,-81.69827
5155,8.35,-81.75
5156,8.28333,-81.8
5159,8.31667,-81.63333
5170,8.33333,-81.78333
5171,8.43333,-81.78333
5172,8.484501,-81.375056
5174,8.48165,-82.11004
5176,8.40587,-82.00554
5178,8.40694,-81.96428
5181,8.45737,-82.0108
5186,8.35,-81.75
5187,8.35,-81.75
5188,8.37796,-81.79228
5189,8.43333,-81.9
5192,8.58018,-82.14266
5193,8.37366,-81.97078
5195,8.38243,-81.94637
5197,8.43333,-81.78333
5198,8.33516,-81.9703
5202,8.88945,-82.02434
5204,8.35,-81.75
5208,8.4,-81.65
5209,8.38333,-81.65
5213,8.46667,-81.98333
5214,8.36521,-81.78077
5215,8.48351,-81.79399
5216,8.52312,-81.52012
5219,8.35,-81.75
5220,8.35317,-81.75445
5221,8.8807,-82.22411
5223,8.5,-81.65
5225,8.35,-81.75
5226,8.36492,-81.55834
5229,8.94221,-82.20783
5230,8.44746,-81.86679
5231,8.5,-81.71667
5232,8.28123,-81.73486
5233,8.44746,-81.86679
5237,8.66863,-81.73659
5240,8.57667,-82.03498
5242,8.48351,-81.79399
5243,8.43333,-81.78333
5316,8.98546,-81.77211
5317,8.96667,-81.86667
5327,8.882701,-81.706186
5328,8.484501,-81.375056
5448,8.55395,-81.92307
5565,8.35317,-81.75445
5573,8.44746,-81.86679
5662,8.34622,-81.369665
5693,8.8807,-82.22411
5765,9.07518,-81.86539
5766,8.55642,-82.00164
5767,8.28123,-81.73486
5813,8.43333,-81.78333
5847,8.35317,-81.75445
5852,8.31667,-81.7
5853,8.57418,-82.05908
5854,8.43333,-81.78333
5855,8.94221,-82.20783
5856,8.43387,-81.47465
5861,9.07518,-81.86539
5862,8.43333,-81.78333
5863,8.46659,-81.90336
5876,8.57349,-81.92834
5879,8.44746,-81.86679
6042,8.454888,-81.193868
6082,8.46667,-81.73333
6762,8.857383,-82.223342
6785,8.3,-81.68333
6791,8.35317,-81.75445
6802,8.48729,-81.2279
6803,8.48729,-81.2279
6854,8.48729,-81.2279
6856,8.40762,-81.5774
6879,8.454888,-81.193868
7144,8.484501,-81.375056
7298,8.15,-81.51667
15017,8.44746,-81.86679
15018,8.43333,-81.78333
2981,8.94046,-79.68315
2982,8.55,-80.08333
2984,8.947603,-79.634159
2987,8.952072,-79.669453
2992,8.93333,-79.73333
2997,8.927433,-79.633433
2998,8.88028,-79.78333
3017,8.88028,-79.78333
3018,8.929508,-79.640545
3019,8.957324,-79.692046
3020,8.957249,-79.674977
3021,8.943156,-79.63329
3022,8.92874,-79.66831
3023,8.948269,-79.655712
3025,8.900403,-79.612525
3026,8.9,-79.68333
3027,8.952072,-79.669453
3029,8.952072,-79.669453
3036,8.93333,-79.73333
3037,8.93858,-79.70917
3041,8.91667,-79.71667
3043,8.952072,-79.669453
3045,9.03528,-79.75222
3046,9.03112,-79.73811
3048,8.900403,-79.612525
3052,8.897833,-79.615472
3054,8.972597,-79.712712
3066,8.85028,-79.77056
3067,8.93333,-79.7
3068,8.75,-79.88333
3081,8.952072,-79.669453
3084,8.93315,-79.67995
3085,8.8293,-80.04034
3086,8.51667,-80.05
3087,8.88028,-79.78333
3088,8.56667,-80.0
3089,8.87028,-79.815
3090,8.943156,-79.63329
3091,8.70686,-79.91219
3092,8.81667,-79.98333
3093,8.929076,-79.701775
3098,8.94867,-80.13829
3099,8.99111,-80.08528
3100,8.91667,-79.71667
3101,8.9637,-79.66181
3102,8.99111,-80.08528
3103,8.55,-80.06667
3104,8.78333,-79.81667
3106,8.94879,-80.10111
3107,8.91029,-80.11991
3108,8.88333,-80.1
3110,8.90167,-80.06278
3111,8.86411,-80.03735
3112,8.90172,-80.13299
3113,8.83333,-80.15
3114,9.0575,-79.87694
3116,8.86167,-79.79
3117,8.88028,-79.78333
3121,8.55,-80.08333
3122,8.931596,-79.648927
3124,8.71957,-80.11154
3125,8.76756,-80.12854
3126,8.87324,-80.11543
3128,8.71957,-80.11154
3129,8.98333,-79.81667
3130,8.82284,-79.79138
3131,8.919286,-79.69439
3132,8.72527,-79.98589
3133,9.004497,-79.731702
3136,8.76117,-80.01458
3137,8.90417,-79.75472
3138,8.87028,-79.815
3139,8.73333,-79.98333
3140,8.93333,-79.7
3141,8.74607,-79.97434
3142,8.88028,-79.78333
3143,8.71758,-80.05672
3145,8.77566,-79.99757
3146,8.88028,-79.78333
3147,8.90194,-80.05278
3148,8.93526,-80.04343
3149,8.74607,-79.97434
3151,8.92972,-80.02083
3152,8.88028,-79.78333
3153,8.75,-79.88333
3154,8.9061,-80.02302
3155,8.84167,-79.91073
3158,8.7264,-79.9294
3159,8.55,-80.06667
3163,8.7543,-79.94307
3164,8.75,-79.9
3166,8.8191,-79.84962
3168,8.952072,-79.669453
3169,8.6172,-80.09449
3177,8.62787,-79.93129
3178,8.66667,-79.96667
3179,8.75,-79.96667
3180,8.68333,-79.98333
3184,8.56742,-79.97603
3185,8.66609,-79.93828
3186,8.61685,-79.83483
3188,8.90639,-80.08583
3189,8.54878,-79.8725
3191,8.56667,-79.9
3192,8.65,-79.7
3193,8.68333,-79.86667
3194,8.66161,-79.87584
3196,8.65,-80.03333
3197,8.58333,-80.0
3198,8.87028,-79.815
3199,8.87028,-79.815
3369,8.925812,-79.717676
3391,8.93333,-79.73333
3375,8.900403,-79.612525
3393,8.87028,-79.815
3401,8.89139,-79.75944
3406,9.07944,-79.91389
3407,9.11254,-79.90948
3408,9.05306,-79.88139
3409,8.84417,-80.01222
3410,9.09974,-79.88968
3411,8.97091,-79.96641
3412,8.68333,-80.0
3414,8.63427,-79.88539
3415,9.02569,-79.78621
3417,8.96666,-79.76105
3419,8.952072,-79.669453
3424,8.88444,-79.82944
3425,8.93333,-79.73333
3427,8.88028,-79.78333
3428,8.9637,-79.66181
3430,8.86167,-79.79
3437,8.87028,-79.815
3438,8.942166,-79.644254
3441,8.961579,-79.658001
3442,8.88028,-79.78333
3443,8.53333,-80.08333
3444,8.95609,-79.87037
3445,8.95167,-79.82861
3447,8.91129,-79.86724
3448,8.945,-79.87389
3449,8.461211,-79.995664
3450,8.98025,-79.919
3452,8.88028,-79.78333
3453,8.86167,-79.79
3455,8.84944,-79.9454
3456,9.0575,-79.87694
3457,9.01471,-79.85073
3458,9.05306,-79.88139
3459,8.87028,-79.815
3461,8.55,-80.06667
3462,8.90639,-80.08583
3463,8.87028,-79.815
3464,8.83463,-79.80765
3466,8.78389,-79.77547
3468,9.15,-79.9
3469,8.86123,-79.76235
3470,8.952072,-79.669453
3474,8.87766,-79.89929
3946,8.49588,-79.97228
3949,8.60228,-80.08547
3950,8.87028,-79.815
3951,8.53333,-80.01667
3953,8.47761,-80.0128
3954,8.44731,-80.03603
3955,8.87028,-79.815
3957,8.88028,-79.78333
3958,8.55,-80.01667
3959,8.45622,-80.06835
3961,8.8191,-79.84962
3962,8.87028,-79.815
3963,8.923436,-79.738497
3964,8.85583,-79.81333
3965,8.45937,-80.00075
3967,8.5491,-80.08218
3971,8.57424,-80.1069
3972,8.5624,-80.06755
3973,8.6,-80.1
3974,8.6172,-80.09449
3975,8.53333,-79.95
3976,8.93333,-79.73333
4985,8.87028,-79.815
5099,8.71667,-79.78333
5266,8.900403,-79.612525
5278,8.472506,-79.953264
5282,8.78389,-79.77547
5293,8.88028,-79.78333
5442,8.931596,-79.648927
5512,8.93446,-79.586286
5896,8.88028,-79.78333
6122,8.920964,-79.748056
6123,8.900403,-79.612525
6124,8.920964,-79.748056
6125,8.920964,-79.748056
6126,8.928116,-79.726222
6130,8.905152,-79.593526
6131,8.890747,-79.625536
6132,8.93942,-79.59097
6133,8.920964,-79.748056
6134,8.915971,-79.699897
6135,8.926535,-79.705226
6136,8.92266,-79.697378
6141,8.920964,-79.748056
6144,8.920964,-79.748056
6146,8.920964,-79.748056
6149,8.95644,-79.688624
6150,8.919897,-79.695858
6152,8.900403,-79.612525
6157,8.97206,-80.09209
6158,8.915971,-79.699897
6161,8.915971,-79.699897
6163,8.920297,-79.75114
6164,8.84639,-79.84139
6172,8.915971,-79.699897
6181,8.920297,-79.75114
6182,8.94084,-79.746493
6183,8.915971,-79.699897
6184,8.890747,-79.625536
6186,8.897833,-79.615472
6187,8.900403,-79.612525
6190,8.915971,-79.699897
6191,8.915971,-79.699897
6766,8.87028,-79.815
6779,9.03472,-79.83389
6794,8.939054,-79.589628
6801,8.88028,-79.78333
6826,8.900403,-79.612525
6842,8.55,-80.06667
7176,8.920964,-79.748056
7178,8.920964,-79.748056
7180,8.952412,-79.656233
7181,8.905914,-79.58892
7182,8.905152,-79.593526
7183,8.920297,-79.75114
7187,8.950901,-79.641474
7189,8.910695,-79.591605
7190,8.915971,-79.699897
7191,8.931596,-79.648927
7192,8.919897,-79.695858
7198,8.812555,-79.934532
7199,8.541519,-79.915736
7200,8.946601,-79.658268
7201,8.915971,-79.699897
7206,8.920964,-79.748056
7209,8.915971,-79.699897
7210,8.920297,-79.75114
7211,8.905152,-79.593526
7212,8.920964,-79.748056
7219,8.915907,-79.597529
7223,8.915971,-79.699897
7303,8.925384,-79.72003
15026,8.95644,-79.688624
15032,9.002412,-79.724764
15043,8.920964,-79.748056
15071,8.934748,-79.693155
15078,8.900403,-79.612525
15561,8.915971,-79.699897
15610,8.920964,-79.748056
7177,8.976147,-79.671734
15793,8.900403,-79.612525
3480,9.038314,-79.455992
3483,9.171262,-78.799747
3487,9.102659,-79.36377
3497,9.038314,-79.455992
3514,9.171262,-78.799747
3515,9.18961,-79.086872
3516,9.038314,-79.455992
3524,8.968739,-79.539984
3636,8.963756,-79.537329
3638,9.171262,-78.799747
3639,8.993699,-79.5373
3640,9.038314,-79.455992
3645,8.963756,-79.537329
3671,9.038314,-79.455992
3676,9.038314,-79.455992
3678,8.598056,-79.888115
3687,9.171262,-78.799747
3694,9.171262,-78.799747
3696,8.983346,-79.505775
3705,8.997437,-79.520064
3709,9.171262,-78.799747
3710,9.171262,-78.799747
3713,9.038314,-79.455992
3725,9.171262,-78.799747
3726,8.954639,-79.538037
3727,9.171262,-78.799747
3729,9.171262,-78.799747
3730,9.02981,-79.49752
3736,9.062921,-79.417504
3737,8.872901,-79.780626
3738,8.963756,-79.537329
3741,9.038314,-79.455992
3746,9.045322,-79.44691
3762,9.038314,-79.455992
3763,9.171262,-78.799747
3765,9.038314,-79.455992
3767,9.177766,-79.273044
3768,9.018526,-79.530515
3769,9.077092,-79.436088
3775,9.076901,-79.41999
3779,9.171262,-78.799747
3780,9.038314,-79.455992
3782,9.1728,-79.088382
3791,9.171262,-78.799747
3858,9.098299,-79.364497
3859,9.038314,-79.455992
3860,9.10347,-79.25139
3873,9.038314,-79.455992
3881,8.598056,-79.888115
3885,9.038314,-79.455992
3887,8.963756,-79.537329
3888,9.0,-79.51667
3889,9.038314,-79.455992
3891,8.86167,-79.79
3892,9.038314,-79.455992
3894,9.038314,-79.455992
3896,9.15151,-79.32354
3897,9.11307,-79.336045
3898,9.038314,-79.455992
3899,9.023362,-79.512659
3900,9.05,-79.45
3904,9.21049,-79.23997
3905,9.177766,-79.273044
3906,9.21033,-79.22272
3907,8.45722,-78.93694
3909,9.038314,-79.455992
3916,9.038314,-79.455992
3940,9.080759,-79.388173
3941,9.038314,-79.455992
3942,9.038314,-79.455992
3943,9.094338,-79.407588
3944,9.171262,-78.799747
4081,9.171262,-78.799747
4989,9.038314,-79.455992
4991,9.177766,-79.273044
5308,9.038314,-79.455992
5309,8.97091,-79.96641
5672,8.972751,-79.532834
5835,9.079061,-79.495847
5880,9.15256,-79.17005
5898,9.193212,-79.624148
5899,8.977822,-79.533516
5903,9.193212,-79.624148
5905,9.171262,-78.799747
5908,9.12215,-78.63742
5909,9.038069,-79.498775
5911,9.079061,-79.495847
5913,9.096004,-79.358219
5915,9.040623,-79.50955
5916,9.035737,-79.475975
5919,9.005199,-79.560283
5920,8.9524,-79.542036
5922,9.097854,-79.404958
5924,9.193212,-79.624148
5926,9.004254,-79.544182
5928,9.08333,-79.53333
5929,9.11445,-79.59755
5931,8.98952,-79.557696
5932,8.995767,-79.580103
5933,8.903676,-79.747816
5934,9.035993,-79.531654
5969,9.108556,-79.384495
5970,9.079061,-79.495847
6196,9.005199,-79.560283
6198,8.944078,-79.553158
6202,9.067596,-79.386388
6203,8.903676,-79.747816
6205,8.980086,-79.528202
6206,9.079061,-79.495847
6207,8.982479,-79.550716
6211,8.974312,-79.516333
6213,8.99116,-79.529255
6218,8.903676,-79.747816
6220,8.976009,-79.533861
6222,9.193212,-79.624148
6230,8.903676,-79.747816
6232,9.005058,-79.513928
6233,9.005199,-79.560283
6236,9.097854,-79.404958
6238,9.092455,-79.382292
6239,8.986289,-79.508716
6240,8.98823,-79.506659
6243,8.862532,-79.807037
6244,9.005199,-79.560283
6247,8.86268,-79.760683
6248,8.903676,-79.747816
6249,9.020445,-79.528835
6266,9.177766,-79.273044
6267,9.020445,-79.528835
6268,9.108556,-79.384495
6269,9.079061,-79.495847
6270,9.090427,-79.346808
6338,9.023173,-79.472897
6809,9.008173,-79.493006
6821,9.129926,-79.225677
6957,9.004216,-79.525027
6965,9.090427,-79.346808
6966,9.079061,-79.495847
6968,9.090238,-79.345095
6971,9.079061,-79.495847
6972,9.023173,-79.472897
6977,9.009557,-79.532655
6979,9.079061,-79.495847
6982,8.999009,-79.584197
6988,9.095009,-79.396266
6996,9.079061,-79.495847
7004,8.88028,-79.78333
7005,8.993969,-79.531737
7011,8.903676,-79.747816
7017,8.962432,-79.543442
7020,9.059317,-79.415634
7022,9.108556,-79.384495
7025,9.108556,-79.384495
7028,9.108556,-79.384495
7034,9.097854,-79.404958
7035,9.160804,-79.617219
7041,8.978378,-79.521164
7049,9.111579,-79.317401
7051,9.15906,-79.54983
7105,8.903676,-79.747816
7057,9.079061,-79.495847
7059,9.030059,-79.417865
7071,9.125489,-79.29044
7074,8.991494,-79.570417
7078,9.108556,-79.384495
7081,9.111579,-79.317401
7084,8.95,-79.85
7086,9.079061,-79.495847
7095,9.008173,-79.493006
7099,8.903676,-79.747816
7103,9.086344,-79.366054
7104,8.903676,-79.747816
7106,9.095009,-79.396266
7111,9.111579,-79.317401
7112,9.108556,-79.384495
7116,9.079061,-79.495847
7118,9.079061,-79.495847
7119,9.079061,-79.495847
7120,9.079061,-79.495847
7124,9.061484,-79.416577
7263,8.887278,-79.771343
7266,8.974549,-79.53281
7269,8.98333,-79.55
7297,9.087521,-79.293483
15052,9.079061,-79.495847
15054,9.0392,-79.47946
15553,9.007945,-79.506358
15554,8.967887,-79.533809
15653,9.079061,-79.495847
15654,9.095009,-79.396266
15795,9.079061,-79.495847
15798,9.079061,-79.495847
15800,9.05379,-79.417572
3829,9.119122,-79.585368
3835,8.86056,-79.87917
3855,9.115987,-79.544928
3979,9.039087,-79.515451
3980,9.193212,-79.624148
3981,9.053749,-79.495145
3982,9.193212,-79.624148
4003,9.038314,-79.455992
4005,9.080288,-79.487219
4006,9.036606,-79.504933
4007,9.048132,-79.499258
4008,9.193212,-79.624148
4009,9.072767,-79.511916
4010,9.193212,-79.624148
4011,8.993699,-79.5373
4012,9.193212,-79.624148
4038,9.065643,-79.522338
4040,9.038314,-79.455992
4041,9.038314,-79.455992
4043,9.038314,-79.455992
4046,9.038314,-79.455992
4047,9.062103,-79.506283
4049,8.993699,-79.5373
4050,9.059737,-79.489234
4061,9.050525,-79.451501
4062,9.038314,-79.455992
4063,8.903676,-79.747816
4065,9.1728,-79.088382
4076,8.963756,-79.537329
5141,9.193212,-79.624148
5298,9.038314,-79.455992
6241,9.077217,-79.473551
6272,9.037717,-79.509089
6273,8.883723,-79.779848
6274,8.996407,-79.530355
6279,9.110687,-78.72272
6282,8.996407,-79.530355
6283,9.108556,-79.384495
6291,8.974549,-79.53281
6293,9.005199,-79.560283
6294,9.076154,-79.471571
6296,8.974549,-79.53281
6308,9.020445,-79.528835
6310,9.108556,-79.384495
6311,9.108556,-79.384495
6312,8.982313,-79.519591
6313,9.049578,-79.430103
6323,8.977822,-79.533516
6324,8.98043,-79.54616
6325,9.093547,-79.394758
6326,9.05976,-79.440011
6327,9.063341,-79.453817
6328,8.903676,-79.747816
6329,9.063341,-79.453817
6333,8.887278,-79.771343
6335,8.912233,-80.124213
6931,8.962432,-79.543442
6932,9.03688,-79.51649
6934,9.005199,-79.560283
6935,9.108556,-79.384495
6936,8.903676,-79.747816
6937,8.903676,-79.747816
6940,8.903676,-79.747816
6941,9.033725,-79.473092
6942,8.997251,-79.581823
6943,9.037112,-79.481402
6946,8.98043,-79.54616
6947,9.04957,-79.414137
6948,8.903676,-79.747816
6951,8.974312,-79.516333
15295,9.1,-79.28333
15296,9.15906,-79.54983
3070,8.45563,-78.936829
3072,8.38684,-78.90036
3076,8.36618,-78.84606
3077,8.88028,-79.78333
3078,8.88028,-79.78333
3079,9.0392,-79.47946
3080,8.972438,-79.514639
3200,9.1728,-79.088382
3202,8.75005,-78.39324
3203,8.93287,-78.26574
3207,8.86167,-79.79
3208,9.11667,-79.01667
3221,9.171262,-78.799747
3224,8.895378,-79.79097
3225,9.11667,-79.01667
3226,8.83525,-78.65104
3227,9.25088,-78.498703
3228,9.25088,-78.498703
3229,9.08028,-78.97103
3230,9.15,-78.95
3231,8.7558,-79.8103
3232,9.038314,-79.455992
3234,9.08028,-78.97103
3237,9.038314,-79.455992
3239,9.21944,-78.86667
3241,9.22578,-78.893985
3243,8.65356,-79.966056
3245,9.13333,-78.6
3246,9.067665,-79.38618
3248,8.953563,-79.538948
3249,8.88963,-78.33965
3250,9.01667,-79.5
3251,9.10172,-78.89825
3253,8.92407,-78.33954
3256,8.91711,-78.20125
3257,9.21502,-78.99481
3259,8.85917,-79.85944
3260,8.94,-80.10444
3262,9.15,-78.95
3271,9.051017,-78.623716
3273,9.03333,-79.5
3274,8.5324,-79.93089
3275,9.01667,-79.5
3277,8.93471,-78.5784
3278,8.5324,-79.93089
3280,9.01847,-78.56371
3282,8.988336,-79.532093
3285,9.1,-78.16667
3286,9.171262,-78.799747
3288,9.031388,-79.504087
3289,8.97306,-78.52856
3290,9.23706,-79.00444
3292,8.75,-79.96667
3294,8.74265,-78.55152
3296,8.88287,-78.3012
3297,8.83333,-79.9
3298,9.08333,-79.53333
3299,8.974646,-79.534289
3300,9.03217,-78.59134
3302,9.038314,-79.455992
3304,9.221466,-78.966122
3305,8.83463,-79.80765
3306,8.986079,-78.503177
3307,9.038314,-79.455992
3309,8.9936,-79.51973
3310,9.21907,-78.72006
3312,8.92407,-78.33954
3313,9.07393,-78.67974
3314,9.00321,-78.54472
3316,8.92407,-78.33954
3317,8.5324,-79.93089
3318,9.023699,-79.523911
3320,9.096437,-79.076413
3321,8.5324,-79.93089
3323,9.25119,-79.15422
3324,9.039048,-79.443566
3325,9.1728,-79.088382
3328,9.26608,-79.06309
3329,8.88028,-79.78333
3330,9.03333,-79.03333
3331,9.0,-78.98333
3333,8.83525,-78.65104
3334,8.97703,-79.02826
3335,9.01222,-79.76556
3336,8.36618,-78.84606
3339,9.01667,-79.5
3340,8.5324,-79.93089
3341,9.01667,-79.5
3342,8.96667,-78.98333
3343,9.01667,-79.5
3344,9.16667,-79.41667
3345,8.9029,-78.54284
3346,9.11667,-78.33333
3347,8.828727,-78.647233
3348,8.88028,-79.78333
3354,8.43636,-80.05959
3355,8.85041,-78.74106
3356,8.89333,-78.83806
3357,8.93647,-78.90917
3358,8.71694,-78.63389
3359,9.01667,-79.5
3360,8.715589,-78.632584
3361,8.30083,-78.87694
3362,9.03333,-79.5
3364,9.01667,-79.5
3365,8.4,-78.43333
3902,9.28176,-79.22805
4082,9.013877,-79.479885
5093,9.18333,-78.65
5430,8.88028,-79.78333
5775,9.21033,-79.22272
5967,9.082383,-79.286613
6345,8.9,-80.0
6354,8.95,-79.85
6361,9.03832,-79.49821
6926,9.097854,-79.404958
6928,8.876682,-79.786757
15024,8.925099,-79.711078
3792,9.171262,-78.799747
3793,9.038314,-79.455992
3794,9.171262,-78.799747
3795,8.56667,-79.83333
3797,9.38079,-79.52545
3798,9.20125,-79.54045
3799,9.38079,-79.52545
3813,8.82284,-79.79138
3815,8.877506,-79.783924
3816,9.174205,-79.562063
3817,9.0392,-79.47946
3818,9.090427,-79.346808
3819,9.038314,-79.455992
3820,9.31146,-79.5591
3821,9.03014,-79.50868
3822,9.171262,-78.799747
3823,9.171262,-78.799747
3824,9.164158,-79.61842
3827,9.059737,-79.489234
3830,9.18908,-79.62452
3831,9.07354,-79.51027
3832,9.06045,-79.55111
3833,9.078951,-79.569284
3834,9.076247,-79.526355
3843,9.108556,-79.384495
3853,9.108556,-79.384495
3856,9.108556,-79.384495
3857,9.171262,-78.799747
4002,8.61667,-79.98333
5612,9.038314,-79.455992
5937,9.020445,-79.528835
5939,9.100542,-79.545679
5940,9.100542,-79.545679
5941,8.967887,-79.533809
5945,9.160804,-79.617219
5948,8.903676,-79.747816
5949,9.079061,-79.495847
5952,9.041229,-79.526947
7146,8.903676,-79.747816
7147,9.06267,-79.422155
7148,9.111968,-79.556023
7150,9.041229,-79.526947
7151,9.087521,-79.293483
7152,8.903676,-79.747816
7153,8.903676,-79.747816
7154,8.996232,-79.559611
7155,8.903676,-79.747816
7156,9.088652,-79.290271
7157,9.097854,-79.404958
7159,9.125489,-79.29044
7160,9.092455,-79.382292
7161,9.072175,-79.487775
7162,9.110687,-78.72272
7164,8.974549,-79.53281
7166,9.062923,-79.494456
7167,8.974549,-79.53281
7168,8.996407,-79.530355
7169,8.974411,-79.534906
7170,9.160804,-79.617219
7171,9.122757,-79.248613
2316,9.3275,-79.55743
15072,9.13149,-79.228566
15073,9.160804,-79.617219
15074,9.097854,-79.404958
15075,9.108556,-79.384495
15569,9.092455,-79.382292
